word,attribution
the,4927
of,3009
",",2187
to,1765
in,1620
shall,1463
.,1395
and,1382
),1241
(,1039
a,894
or,857
 ,799
be,737
for,719
Article,565
on,493
by,474
The,463
that,459
with,457
;,429
Regulation,382
as,372
is,366
Member,361
-,327
referred,279
this,264
:,256
                 ,254
from,253
Union,249
1,241
not,235
EU,230
Commission,229
information,227
which,219
paragraph,213
                           ,207
                       ,201
an,199
State,194
accordance,187
States,187
its,186
following,186
Annex,177
out,171
any,171
2,168
are,160
                         ,158
                                 ,153
at,153
into,138
b,136
European,136
concerned,134
other,133
                     ,133
their,130
No,130
where,127
apply,125
set,123
it,123
’,123
has,118
under,114
           ,112
within,111
       ,110
This,108
staff,107
have,105
application,105
date,105
c,104
period,104
all,104
provided,103
‘,103
been,101
                                   ,101
such,99
report,99
Where,98
force,94
including,93
3,92
authorities,90
national,89
                   ,89
measures,89
ensure,86
Decision,86
data,86
financial,84
competent,84
/,83
online,82
take,81
authority,81
each,80
pursuant,80
assessment,79
decision,78
those,78
than,78
person,77
EC,75
relevant,73
4,71
enter,70
point,69
they,69
member,68
one,67
Council,67
made,67
reporting,66
if,66
publication,65
body,64
service,64
products,64
specific,64
In,63
's,62
security,61
d,61
appropriate,61
large,60
applicable,60
basis,60
may,60
year,59
replaced,59
Journal,58
day,58
very,58
Official,58
authorisation,57
5,57
request,57
assistance,56
temporary,55
necessary,55
EUR,55
                               ,54
maximum,54
subject,54
order,54
least,52
clinical,52
particular,52
per,51
services,51
requirements,51
responsible,50
no,50
up,50
               ,50
respect,50
provide,50
first,49
months,49
after,49
established,49
third,49
taken,48
listed,48
down,48
procedure,48
%,47
Directive,47
level,47
compliance,47
use,47
account,46
management,46
conditions,46
persons,46
It,46
trial,45
I,44
non,44
subparagraph,44
For,44
risk,44
available,44
before,44
implementation,44
case,44
goods,44
Articles,44
II,43
end,43
country,43
amount,43
protection,43
             ,42
international,42
years,42
through,41
more,41
e,40
Parliament,40
without,40
used,40
legal,40
only,40
provider,40
purpose,39
his,39
purposes,39
time,39
laid,39
        ,39
production,39
significant,39
whether,38
6,38
specified,38
A,38
group,38
origin,37
conformity,37
support,37
organisations,37
entity,36
place,36
rules,36
include,35
technical,35
Bayer,35
law,35
notification,35
well,35
required,35
producer,35
procedures,34
EUSR,34
emissions,34
contract,34
applicant,34
provisions,34
sponsor,34
when,33
Implementing,33
Agency,33
territory,33
additional,33
until,32
7,32
also,32
can,32
given,32
operator,32
            ,31
related,31
number,31
reports,31
points,31
search,31
public,31
December,31
concerning,31
members,31
new,31
activities,31
30,30
              ,30
standards,30
inform,30
reference,30
CO,30
fishing,30
system,30
during,30
make,30
three,30
31,29
basic,29
rights,29
them,29
acts,29
means,29
product,29
based,29
notify,29
access,29
entities,29
Digital,29
i,28
granted,28
UE,28
III,28
who,28
Services,28
action,27
code,27
follows,27
total,27
market,27
                             ,27
                ,26
registered,26
area,26
duty,26
entry,26
beneficiary,26
platforms,26
bodies,26
Delegated,26
official,26
If,26
PPE,26
organisation,26
health,26
was,26
notified,25
covered,25
f,25
regard,25
days,25
review,25
That,25
checks,25
free,25
holder,25
supervisory,25
10,25
Board,25
economic,24
part,24
                                           ,24
programme,24
8,24
paragraphs,24
less,24
relating,24
obligations,24
SECRET,24
Part,24
second,24
contracts,23
Chapter,23
annual,23
effect,23
January,23
carried,23
interests,23
ii,23
                                         ,23
taking,23
implementing,23
reasons,23
wine,23
twentieth,23
15,23
prohibited,22
Committee,22
customs,22
2020,22
possible,22
defined,22
submitted,22
classified,22
vehicles,22
issued,22
documents,22
authorised,22
way,22
administrative,22
between,22
being,22
form,22
adopted,22
engine,22
’s,22
actions,21
medicinal,21
providers,21
adopt,21
same,21
platform,21
two,21
risks,21
relation,21
amended,21
event,21
Belgium,21
BV,21
designated,21
                      ,21
—,21
value,21
expenditure,21
warning,21
Agriculture,21
later,20
carry,20
material,20
behalf,20
They,20
variety,20
representative,20
results,20
recipients,20
                        ,20
framework,20
description,20
upon,20
11,20
contracting,20
AACC,20
delay,20
deemed,20
exceed,20
objectives,19
using,19
By,19
does,19
arrangements,19
prior,19
thereof,19
personal,19
document,19
United,19
originating,19
determined,19
countries,19
intermediary,19
contact,19
natural,19
manufacturer,19
informed,19
entitled,18
         ,18
When,18
consent,18
list,18
transfer,18
having,18
decisions,18
credit,18
IT,18
IV,18
submit,18
delegated,18
plant,18
implemented,18
initial,18
inspection,18
12,18
regarding,18
14,17
serious,17
project,17
advertising,17
ticket,17
transport,17
railway,17
9,17
criteria,17
institutions,17
involved,17
declaration,17
general,17
he,17
duly,17
complaint,17
exporter,17
due,17
evidence,17
operational,17
Coordinator,16
financing,16
but,16
duties,16
act,16
addressed,16
cases,16
quality,16
charge,16
responsibility,16
vehicle,16
combined,16
passenger,16
Information,16
contribution,16
trade,16
name,16
electronic,16
provision,16
another,16
derogation,16
identified,15
2021,15
transactions,15
Entry,15
safety,15
vessel,15
g,15
development,15
her,15
communication,15
tasks,15
statement,15
identification,15
June,15
July,15
details,15
submission,15
applied,15
CN,15
System,15
manner,15
export,15
prejudice,15
phase,15
procurement,15
An,15
obligation,15
aid,15
must,15
family,15
adequate,15
2022,15
fruits,15
mandate,15
m,15
receive,15
register,15
rate,15
grant,15
final,14
“,14
CONFIDENTIAL,14
effective,14
either,14
week,14
Antwerp,14
CropScience,14
CONFIDENTIEL,14
field,14
approved,14
groups,14
recognised,14
areas,14
applications,14
pre,14
applicants,14
processing,14
produced,14
performance,14
paid,14
authorisations,14
mother,14
board,14
address,14
receipt,14
about,14
life,14
there,14
regards,14
investment,14
requested,14
respective,14
Scheldelaan,14
individual,14
conduct,14
content,14
plan,14
storage,14
LP,14
subjects,14
human,14
text,14
six,14
”,14
2040,14
460,14
19,14
vessels,13
added,13
release,13
five,13
September,13
right,13
adoption,13
approval,13
budget,13
position,13
changes,13
record,13
crisis,13
plants,13
1308/2013,13
working,13
species,13
train,13
Those,13
situation,13
consideration,13
process,13
comply,13
accessible,13
falling,13
registration,13
justified,13
CHAPTER,13
directly,13
transaction,13
progress,13
supply,13
transmitted,13
further,13
HR,13
perform,13
000,13
consolidated,13
contain,13
October,13
insurance,13
24,13
these,13
emission,13
require,13
eligible,13
border,12
periods,12
Joint,12
heads,12
minimum,12
certified,12
certificate,12
aspects,12
surveillance,12
measure,12
internal,12
Each,12
control,12
ensuring,12
assess,12
agencies,12
General,12
commercial,12
17,12
do,12
Any,12
committee,12
Such,12
station,12
travel,12
companies,12
compensation,12
manufacturers,12
month,12
placed,12
operators,12
Coordinators,12
engines,12
affect,12
language,12
technology,12
classification,12
carrying,12
single,12
child,12
leave,12
equivalent,12
client,12
recorded,12
establish,12
outside,12
providing,12
spot,12
ELTIF,12
ARM,12
Market,11
different,11
Title,11
sufficient,11
interest,11
writing,11
Fund,11
owner,11
publish,11
conclusion,11
18,11
file,11
programmes,11
monitoring,11
Security,11
V,11
intra,11
VI,11
extension,11
regular,11
opinion,11
duration,11
remain,11
                  ,11
published,11
Undertaking,11
However,11
detailed,11
located,11
cost,11
contributions,11
recipient,11
Regulations,11
costs,11
identify,11
line,11
establishment,11
own,11
operations,11
drawn,11
contribute,11
examination,11
type,11
intended,11
performed,11
unless,11
Internal,11
described,11
import,11
valid,11
evaluation,11
refusal,11
Euratom,11
considered,11
stock,11
Providers,11
investigation,10
professional,10
provisional,10
EUCI,10
conglomerate,10
verification,10
allow,10
cooperate,10
proof,10
agreement,10
and/or,10
potential,10
against,10
consider,10
longer,10
involving,10
indirect,10
undertaking,10
start,10
assets,10
kept,10
reasonable,10
department,10
recognition,10
training,10
held,10
price,10
previous,10
',10
Republic,10
targets,10
met,10
equal,10
environmental,10
humanitarian,10
scheme,10
2019,10
recommendation,10
25,10
International,10
iii,10
meaning,10
latest,10
overall,10
                                ,10
immediately,10
territories,10
sampling,10
testing,10
elements,10
salary,10
media,10
meet,10
therein,10
00,10
four,10
disabilities,10
expiry,10
notifying,10
50,10
complete,10
proceedings,10
h,10
direct,10
purchase,10
2013,10
concentration,10
innovative,10
As,10
communicate,10
energy,9
ICES,9
Directorate,9
accompanied,9
issuing,9
exported,9
values,9
16,9
Without,9
determine,9
types,9
substantial,9
allocated,9
facilitate,9
27,9
treatment,9
stored,9
format,9
re,9
otherwise,9
National,9
photograph,9
statements,9
transmission,9
Staff,9
minor,9
exceeds,9
panel,9
participate,9
refer,9
reduction,9
22,9
2014,9
sub,9
unit,9
mentioned,9
systems,9
Russia,9
takes,9
removable,9
adverse,9
13,9
issue,9
equipment,9
issues,9
supporting,9
FCH,9
reduced,9
During,9
auxiliary,9
back,9
parties,9
average,9
function,9
presence,9
how,9
0,9
included,9
condition,9
All,9
2015,9
full,9
capacity,9
operation,9
giving,9
light,9
CAR,9
change,9
payments,9
*,9
circumstances,9
view,9
April,9
resources,9
calendar,9
incidents,9
benefit,9
once,9
CIS,9
previously,9
holding,9
limited,9
need,9
portal,8
cessation,8
invoice,8
powers,8
passengers,8
instructions,8
might,8
suspended,8
keep,8
references,8
2018,8
according,8
suspension,8
33,8
received,8
infringement,8
heavy,8
main,8
associations,8
except,8
investigational,8
Agreement,8
Upon,8
put,8
handled,8
handling,8
mission,8
preceding,8
beneficiaries,8
licence,8
determining,8
supervised,8
catch,8
result,8
processed,8
common,8
supplier,8
above,8
grounds,8
design,8
would,8
hatching,8
conclude,8
seek,8
transmit,8
dependent,8
Amendments,8
modification,8
considerations,8
indicated,8
geographical,8
sale,8
section,8
research,8
updated,8
800,8
proportionate,8
crude,8
dossier,8
March,8
legislation,8
reasoned,8
engaged,8
182/2011,8
bring,8
continue,8
fruit,8
update,8
personnel,8
proposals,8
cover,8
enable,8
Members,8
controlled,8
oil,8
amounts,8
          ,8
observations,8
timely,8
allowance,8
amendment,8
iv,8
allowing,8
table,8
retained,8
undertakings,8
meeting,8
premises,8
will,8
Section,8
acting,8
towards,8
arrival,8
participating,8
layer,8
assessments,8
dates,8
present,8
consumption,8
firm,8
method,7
Address,7
records,7
tickets,7
Louis,7
Syria,7
withdrawn,7
pension,7
every,7
Missouri,7
payment,7
whose,7
communicated,7
what,7
Lindbergh,7
competence,7
summary,7
inspections,7
dumping,7
retention,7
63167,7
levels,7
Applicant,7
transit,7
100,7
interfaces,7
2011,7
sector,7
higher,7
transferred,7
tool,7
documentation,7
St.,7
knowledge,7
length,7
marking,7
AND,7
surface,7
methods,7
planning,7
Name,7
whom,7
plans,7
Reporting,7
draw,7
citricarpa,7
penalty,7
Addressee,7
trader,7
matters,7
Authorisation,7
flat,7
Phyllosticta,7
petroleum,7
EGE,7
indirectly,7
laws,7
residence,7
offer,7
unexpected,7
proposed,7
arising,7
signed,7
Ecuador,7
protect,7
protected,7
decide,7
enforcement,7
21,7
state,7
macro,7
accounting,7
because,7
cross,7
imposed,7
certification,7
                    ,7
so,7
promptly,7
amendments,7
coordinated,7
corresponding,7
cooperation,7
small,7
sources,7
needs,7
formats,7
2016,7
user,7
names,7
projects,7
reported,7
anti,7
empowered,7
joint,7
48,7
employment,7
instruments,7
fee,7
status,7
publicly,7
Boulevard,7
monitor,7
N.,7
checked,7
mobility,7
90,7
concern,7
Belarus,7
aware,7
VII,7
tenders,7
prepared,7
category,7
23,7
2021/1060,7
I.,7
40,7
November,7
liaison,7
B,7
managed,7
calculation,7
indicate,7
terms,7
test,7
factors,7
cells,7
definitions,7
audit,7
demonstrate,7
confidentiality,7
maintain,7
audits,7
2018/1999,7
Financial,7
originate,7
February,7
early,6
education,6
cars,6
chick,6
eligibility,6
efforts,6
samples,6
circulation,6
scientific,6
Protection,6
penalties,6
email,6
check,6
eggs,6
lay,6
term,6
last,6
recommendations,6
coordination,6
left,6
judicial,6
making,6
ability,6
response,6
28,6
conflicts,6
accompanying,6
association,6
statistics,6
accounts,6
assigned,6
declared,6
29,6
assessing,6
assessed,6
consumers,6
sea,6
deadline,6
current,6
resident,6
contained,6
advance,6
parts,6
appoint,6
applying,6
criminal,6
affecting,6
468/2014,6
permitted,6
agreed,6
representing,6
43,6
studies,6
authorising,6
automated,6
business,6
legally,6
broiler,6
target,6
draft,6
26,6
packages,6
codes,6
both,6
Single,6
suspected,6
packing,6
commitments,6
interoperability,6
Subject,6
supplied,6
pay,6
became,6
500,6
manufactured,6
regularly,6
sent,6
balance,6
parent,6
concentrated,6
introducing,6
avoid,6
pieces,6
availability,6
complaints,6
characteristics,6
fulfils,6
findings,6
Central,6
prevent,6
Eurostat,6
methodology,6
question,6
monthly,6
pool,6
Code,6
fulfil,6
fuel,6
entered,6
quota,6
Company,6
verify,6
presented,6
work,6
unemployment,6
2023,6
frequency,6
over,6
facility,6
inside,6
facilities,6
fundamental,6
Before,6
notices,6
exercise,6
Identification,6
grade,6
existing,6
Human,6
give,6
transnational,6
exchanged,6
At,6
incomplete,6
power,6
traders,6
expired,6
2017/891,6
next,6
funding,6
extended,6
policy,6
notice,6
                              ,6
EEC,6
immediate,6
reaction,6
Paragraph,6
flying,6
Disciplinary,6
foreseen,6
Data,6
ECB/2014/17,6
2018/273,6
policies,6
On,6
validation,6
Office,6
Parts,6
could,5
asylum,5
destination,5
subsidiaries,5
punishment,5
respectively,5
session,5
subsequent,5
experience,5
20,5
VIII,5
rejected,5
submitting,5
regional,5
managing,5
attention,5
expertise,5
follow,5
dimension,5
relates,5
reply,5
loan,5
gas,5
departure,5
space,5
expressed,5
confirm,5
options,5
government,5
genuine,5
missions,5
independent,5
port,5
practices,5
purchasing,5
several,5
develop,5
concluded,5
volume,5
covering,5
purchases,5
interview,5
regulations,5
agreements,5
conducted,5
good,5
expected,5
possibility,5
items,5
Performance,5
34,5
confidential,5
mitigation,5
food,5
reimbursement,5
units,5
original,5
prudential,5
consignment,5
financed,5
ECB,5
advice,5
declarations,5
lodging,5
54,5
starting,5
replacement,5
activity,5
EEAS,5
requires,5
fisheries,5
situations,5
navigation,5
addition,5
prohibitions,5
long,5
requests,5
flag,5
post,5
requesting,5
2025,5
low,5
needed,5
varieties,5
promotion,5
spouse,5
researchers,5
sold,5
multilateral,5
45,5
society,5
fund,5
opening,5
maintenance,5
strategy,5
participants,5
location,5
affected,5
constitute,5
delegation,5
maintained,5
fact,5
acceptable,5
appropriately,5
validity,5
views,5
210,5
fully,5
networks,5
via,5
step,5
fatal,5
110,5
opinions,5
protocols,5
jointly,5
reason,5
itself,5
Review,5
principles,5
bottom,5
label,5
sectors,5
revocation,5
4(1,5
secure,5
black,5
savings,5
objective,5
tracing,5
38,5
Argentina,5
threatening,5
institution,5
outcome,5
harvesting,5
effort,5
obtained,5
illegal,5
preparedness,5
examining,5
categories,5
capabilities,5
collection,5
prevention,5
euro,5
holdings,5
climate,5
languages,5
incidental,5
establishing,5
AAC,5
close,5
closed,5
calculated,5
brokering,5
quantity,5
landing,5
Management,5
scope,5
serve,5
legitimate,5
materials,5
technologies,5
thresholds,5
Rights,5
claims,5
caught,5
effectiveness,5
2017,5
BNB,5
suppliers,5
certificates,5
Informatics,5
website,5
sample,5
harmonised,5
medical,5
minutes,5
marketable,5
layers,5
Plant,5
transparency,5
TARIC,5
refused,5
complies,5
intervention,5
medium,5
IX,5
exclusively,5
direction,5
restrictions,5
                          ,5
implement,5
seabirds,5
belonging,5
cease,5
company,5
weighting,5
exception,5
illustrated,5
excess,5
enhancing,5
selection,5
2014/65,4
Definitions,4
solely,4
premium,4
call,4
incident,4
appeal,4
nature,4
prohibition,4
central,4
requirement,4
former,4
cesni,4
                                                   ,4
Community,4
impose,4
37,4
Common,4
caused,4
catches,4
office,4
officer,4
partnership,4
coral,4
presentation,4
identifying,4
officially,4
certain,4
social,4
impact,4
offices,4
coordinating,4
95,4
civil,4
written,4
frames,4
already,4
identifier,4
capable,4
Corporate,4
fraud,4
clients,4
represented,4
2024,4
coordinator,4
incentive,4
world,4
lists,4
friendly,4
soon,4
opportunity,4
found,4
analysis,4
ongoing,4
home,4
CECAF,4
communications,4
below,4
conflict,4
selected,4
priority,4
CE,4
harvested,4
best,4
Applications,4
guidelines,4
numbers,4
indication,4
genera,4
practicable,4
limit,4
bicycles,4
viruses,4
billion,4
competition,4
guidance,4
net,4
seven,4
restriction,4
banks,4
complying,4
Body,4
automatically,4
42,4
growing,4
completion,4
resulting,4
conferred,4
1967/2006,4
counterparties,4
notifications,4
completed,4
governance,4
conducting,4
guarantee,4
responsibilities,4
viroids,4
future,4
COVID-19,4
containing,4
armed,4
AST,4
functionality,4
party,4
withdraw,4
contagion,4
co,4
Charter,4
withdrawal,4
head,4
fulfilling,4
simulation,4
network,4
simultaneously,4
appointed,4
fulfilled,4
season,4
applies,4
consult,4
high,4
construed,4
functioning,4
violation,4
limits,4
revised,4
principle,4
consigned,4
sibling,4
consistency,4
consistent,4
why,4
box,4
consolidation,4
side,4
resolution,4
2(2,4
constituents,4
collected,4
pending,4
Bulgaria,4
specifications,4
exemption,4
trueness,4
expire,4
plantings,4
pilot,4
managers,4
tissues,4
originator,4
60,4
questions,4
drawing,4
mixed,4
Turkey,4
drafted,4
May,4
purchased,4
Representative,4
quarterly,4
Ukraine,4
determination,4
66,4
UNODA,4
matter,4
Register,4
team,4
ownership,4
failure,4
Form,4
enterprises,4
facts,4
delegations,4
delivered,4
delivery,4
able,4
rates,4
entitlement,4
released,4
strictly,4
manage,4
turtles,4
departments,4
errors,4
essential,4
relative,4
deployed,4
regulated,4
manufacture,4
fair,4
Ltd.,4
discrimination,4
Supervisory,4
tourist,4
exclude,4
traceability,4
1005/2008,4
intermediaries,4
red,4
M,4
transition,4
developed,4
display,4
distance,4
qualified,4
disposal,4
qualifying,4
military,4
dispute,4
suspend,4
trained,4
outbreak,4
symptoms,4
even,4
exclusion,4
Manufacturers,4
trials,4
dialogue,4
exist,4
inland,4
difference,4
exhausted,4
tools,4
top,4
recoveries,4
recovery,4
planted,4
evaluate,4
propagating,4
executive,4
systemic,4
ISSB,4
Safety,4
supervise,4
earlier,4
extent,4
political,4
remuneration,4
mechanisms,4
irrespective,4
integrity,4
database,4
reactions,4
adjusted,4
most,4
adequately,4
stakeholders,4
addressee,4
actual,4
2008/90,4
PGI,4
PDO,4
element,4
orders,4
debts,4
EWRS,4
ad,4
Organisation,4
cycle,4
lot,4
ETIAS,4
cumulation,4
Partnership,4
thereto,4
proper,4
themselves,4
properly,4
thematic,4
age,4
affixed,4
flocks,4
Point,4
Paragraphs,4
specify,4
ordered,4
lodged,4
split,4
pests,4
emergency,4
fixed,4
adopting,4
actually,4
LEI,4
protecting,4
Only,4
fees,4
owned,4
instance,4
egg,4
fields,4
achieved,4
Executive,4
0407,4
feasibility,4
termination,4
O,4
accreditation,4
finds,4
receives,4
organisational,4
remains,4
threat,4
territorial,4
started,4
accommodation,4
decided,4
undue,4
effectively,3
2016/679,3
inadmissible,3
circumstantial,3
revision,3
rape,3
percentages,3
1307/2013,3
charges,3
22(3,3
documented,3
rapidly,3
lapsed,3
interbranch,3
distinct,3
committed,3
easily,3
inter,3
preliminary,3
examine,3
charged,3
reduce,3
comments,3
entire,3
includes,3
implied,3
distributed,3
real,3
heading,3
principal,3
26(1,3
2018/1240,3
clearly,3
land,3
landed,3
doubt,3
clear,3
pelagic,3
him,3
horizon,3
doubts,3
primary,3
immunities,3
rule,3
chicks,3
receiving,3
robust,3
hoc,3
estimated,3
efficiency,3
impacts,3
read,3
run,3
column,3
rail,3
erased,3
help,3
rectified,3
children,3
preventive,3
2018/1725,3
integration,3
evaluated,3
laboratories,3
inserted,3
hours,3
pressure,3
done,3
latter,3
coupled,3
committing,3
infringements,3
removed,3
deciding,3
phases,3
21(1,3
files,3
removal,3
deducted,3
context,3
contents,3
protocol,3
contains,3
fermentation,3
physical,3
far,3
definitively,3
displayed,3
degrading,3
inhuman,3
delays,3
functions,3
deleted,3
investigations,3
1380/2013,3
reliable,3
consist,3
consignors,3
demonstrating,3
external,3
expression,3
funds,3
fuels,3
requiring,3
continuous,3
209,3
possibilities,3
infection,3
representatives,3
correspond,3
correlation,3
possession,3
credits,3
corrective,3
correct,3
corporations,3
flights,3
positive,3
copy,3
proposal,3
repealed,3
repayment,3
promote,3
damage,3
individuals,3
cooperating,3
renewable,3
individually,3
fitness,3
friction,3
dealt,3
contractual,3
death,3
debt,3
frontier,3
exploitation,3
phytosanitary,3
programming,3
region,3
regardless,3
diploma,3
execution,3
directing,3
periodic,3
comprise,3
comprehensive,3
composed,3
growers,3
places,3
refuse,3
disciplinary,3
disclose,3
excluding,3
disease,3
population,3
increase,3
retain,3
planned,3
exchange,3
35,3
incorrect,3
privileges,3
halt,3
compared,3
qualifications,3
return,3
exceptions,3
private,3
processes,3
green,3
explanations,3
regions,3
programmed,3
indicators,3
conservation,3
justification,3
relate,3
2709,3
designate,3
expert,3
initiative,3
reject,3
permanent,3
confirmation,3
indicating,3
destruction,3
reimburse,3
genus,3
detection,3
detention,3
conditional,3
developments,3
devices,3
incurred,3
exhaustion,3
restricted,3
grants,3
grape,3
grapes,3
gravity,3
innovation,3
offences,3
improvement,3
Points,3
6(1,3
49,3
TFEU,3
CFSP,3
partner,3
63,3
site,3
visual,3
since,3
minors,3
appointment,3
appropriateness,3
transfers,3
simplified,3
nor,3
approve,3
vocational,3
open,3
18(1,3
link,3
smooth,3
neither,3
misconduct,3
manufacturing,3
sum,3
alternative,3
amend,3
transported,3
operating,3
virus,3
vines,3
superior,3
supervision,3
nine,3
20(1,3
translation,3
marked,3
approving,3
Switzerland,3
omissions,3
attacks,3
assisted,3
associated,3
mass,3
Meeting,3
websites,3
likely,3
Metal,3
attain,3
water,3
master,3
Secretary,3
like,3
together,3
Sea,3
shareholders,3
attested,3
waters,3
assist,3
area(s,3
microdata,3
arms,3
marketing,3
trafficking,3
mid,3
vote,3
lines,3
voting,3
Statistical,3
Maritime,3
micro,3
sick,3
ashore,3
outer,3
assembly,3
warnings,3
Bank,3
tread,3
verifications,3
treated,3
active,3
67,3
stations,3
manager,3
Georgia,3
acquisition,3
58,3
stated,3
521/2008,3
GICHD,3
Waters,3
adapted,3
1024/2013,3
addressing,3
2003/361,3
subsequently,3
680/2014,3
1049/2001,3
GFCM,3
Conference,3
From,3
Following,3
major,3
organisers,3
absence,3
France,3
stocks,3
acceptance,3
XXVIII,3
G,3
Exporters,3
still,3
Working,3
underlying,3
Within,3
accordingly,3
stay,3
Government,3
adjustment,3
unnecessary,3
aim,3
Treaties,3
agree,3
Court,3
vegetables,3
7(2,3
Convention,3
18(1)(c,3
aimed,3
losses,3
parameters,3
air,3
aircraft,3
alert,3
65,3
suffered,3
IMO,3
special,3
200,3
Treaty,3
agenda,3
loss,3
advanced,3
substances,3
participation,3
urgency,3
Head,3
option,3
users,3
substantiated,3
UN,3
utmost,3
595/2009,3
v,3
specification,3
High,3
share,3
tour,3
biological,3
zone,3
4(2,3
Norway,3
threshold,3
candidate,3
schemes,3
                                       ,3
cancel,3
99,3
observation,3
OF,3
REX,3
beyond,3
ON,3
measurable,3
officials,3
Northern,3
technological,3
maturity,3
self,3
sell,3
candidates,3
throughout,3
Recommendation,3
beginning,3
zones,3
capital,3
APA,3
sells,3
liable,3
scale,3
becomes,3
meets,3
cage,3
care,3
obtaining,3
zero-,3
occupy,3
secretariat,3
breach,3
PROVISIONS,3
leisure,3
breeding,3
603/2013,3
92(5,3
tenderers,3
secondary,3
briefings,3
broilers,3
yearly,3
95/46,3
brakes,3
worldwide,3
books,3
sectoral,3
RCC,3
secured,3
966/2012,3
97d,3
worked,3
securities,3
membership,3
were,3
seed,3
seedling,3
39,3
PSC,3
offered,3
Quota,3
wines,3
seriousness,3
lid,3
37(4,3
wheel,3
white,3
81,3
barn,3
banking,3
Annexes,3
send,3
satisfied,3
ticketing,3
balanced,3
                            ,3
object,3
awarding,3
laying,3
award,3
sampled,3
Resources,3
certify,3
Payment,3
chain,3
targeting,3
occurred,3
Monitoring,3
packaging,3
metadata,3
1(1,3
75,3
task,3
bear,3
sentence,3
severity,3
References,3
saving,3
tariff,3
oilseed,3
whole,3
Parties,3
Mission,3
SIIs,3
medically,2
Guangdong,2
enforce,2
Great,2
experts,2
turkey,2
trusted,2
Framework,2
1(2,2
Forum,2
HSC,2
mm,2
He,2
module,2
Fraud,2
engage,2
Personal,2
Permanent,2
facilitating,2
explaining,2
enabling,2
expressly,2
initially,2
meetings,2
GSP,2
pullets,2
Paris,2
GSC,2
Participants,2
initiate,2
initiated,2
exports,2
Furthermore,2
exporting,2
turkeys,2
exporters,2
reasonably,2
modify,2
Germany,2
exportation,2
Governing,2
explicit,2
portable,2
Fundamental,2
thereafter,2
18)_29,2
French,2
express,2
establishes,2
Heads,2
Helgoland,2
outsourced,2
quantitative,2
modules,2
MEDICINAL,2
traceable,2
epidemiological,2
NSIs,2
ex,2
exact,2
mileage,2
LESS,2
trains,2
Nations,2
qualify,2
envelope,2
exceeding,2
Kingdom,2
quantities,2
MSC,2
torture,2
estimation,2
tissue,2
times,2
2017/1151,2
erroneous,2
messaging,2
outreach,2
Melilla,2
r,2
evacuation,2
ethical,2
ethics,2
radio,2
N,2
Materials,2
NCA,2
equipped,2
mind,2
random,2
entries,2
enquiries,2
inner,2
purse,2
exhibition,2
One,2
Operational,2
ICTRP,2
Organization,2
ICT,2
trawls,2
ICH,2
Other,2
2004/49,2
exists,2
thirds,2
trigger,2
PRODUCTS,2
INDIVIDUAL,2
misleading,2
range,2
Instrument,2
thus,2
exceptional,2
63(2,2
Nomenclature,2
Islands,2
Notification,2
Internet,2
64,2
ISO,2
Notwithstanding,2
excluded,2
transparent,2
OLAF,2
transporting,2
instead,2
ratings,2
fails,2
10(1,2
unauthorised,2
widely,2
weightings,2
Auditors,2
had,2
half,2
incorporated,2
Assistance,2
happen,2
harassment,2
harmed,2
whatsoever,2
wheat,2
income,2
Anti,2
precise,2
printed,2
objection,2
America,2
whichever,2
Alert,2
765/2008,2
heard,2
After,2
Affairs,2
hedging,2
height,2
weeks,2
B-1,2
probationary,2
Blending,2
Byelorussian,2
Britain,2
governing,2
voluntary,2
producers,2
independence,2
produce,2
grandparent,2
indent,2
Border,2
granting,2
Black,2
procedural,2
"2,94912",2
greater,2
onto,2
greenhouse,2
grouped,2
BY,2
BNØØ7,2
BBI,2
prawn,2
grubbed,2
BASIS,2
wide,2
width,2
fall,2
wildlife,2
obtain,2
identity,2
prescribed,2
xenon,2
illness,2
9(3,2
9(1,2
yet,2
prepare,2
preparatory,2
preparation,2
883/2013,2
implications,2
86,2
   ,2
occurring,2
×,2
imported,2
importers,2
inadmissibility,2
8(6,2
imposing,2
pregnancy,2
improve,2
improved,2
952/2013,2
96,2
identical,2
holidays,2
Accession,2
ATM,2
oils,2
highest,2
preventing,2
AN,2
hit,2
withdrawals,2
hold,2
AIFMs,2
ADS,2
77,2
i.e.,2
presumed,2
A-1,2
hosting,2
preserve,2
observe,2
presents,2
words,2
households,2
however,2
2019/2007,2
2019/1308,2
C,2
C0,2
gold,2
volatility,2
Ecodesign,2
East,2
fishery,2
208,2
673/2005,2
uniform,2
unique,2
unity,2
EN,2
EMFAF,2
flaggers,2
EEA,2
ECSC,2
influence,2
fleets,2
8(1,2
proportion,2
flight,2
property,2
unstaffed,2
"0,3779",2
2030,2
updates,2
mutandis,2
2027,2
Economic,2
Effective,2
fines,2
informing,2
falls,2
Fishing,2
Final,2
infrastructure,2
favour,2
proved,2
monitored,2
FRS,2
feed,2
FINAL,2
fermented,2
organise,2
English,2
18)_42,2
"21,2",2
fight,2
1415/2004,2
undermine,2
underneath,2
undersigned,2
21(2,2
finalising,2
Eurodac,2
undertaken,2
mutatis,2
2026,2
Democracy,2
virtue,2
Chair,2
Ceuta,2
Certificate,2
operate,2
vineyard,2
opened,2
funded,2
Canada,2
newly,2
violence,2
noble,2
71(o,2
vi,2
vis,2
visas,2
gender,2
visibility,2
generated,2
CAC,2
C999,2
gillnets,2
2021/953,2
normal,2
practice,2
Chairman,2
Checks,2
emerging,2
negative,2
opposes,2
forms,2
DDT,2
nearest,2
promoting,2
forward,2
industry,2
fourth,2
vectors,2
158,2
vegetation,2
freedom,2
Chief,2
vendor,2
negotiation,2
verifiable,2
Conformity,2
Conditions,2
verified,2
verifying,2
Compendium,2
7(3,2
Combined,2
Co.,2
formed,2
bilaterally,2
Policy,2
controller,2
sites,2
continuity,2
appears,2
1224/2009,2
appear,2
answers,2
size,2
contrary,2
annually,2
skilling,2
5(2,2
slaughter,2
controls,2
partners,2
living,2
conventions,2
168(2,2
repudiation,2
5(4,2
smaller,2
coordinate,2
loaded,2
loading,2
reproduction,2
copies,2
allows,2
rescue,2
reservation,2
repression,2
signature,2
consignments,2
consignor,2
aspect,2
ask,2
consistently,2
consisting,2
consists,2
sickness,2
440,2
sign,2
permission,2
constituent,2
constituted,2
reserve,2
jurisdiction,2
constituting,2
arrangement,2
around,2
arm,2
45/2001,2
450,2
judgement,2
silicon,2
resettlement,2
similar,2
simple,2
soil,2
allowances,2
106(1,2
daily,2
crowdfunding,2
adversely,2
cruel,2
crystalline,2
2016/1216,2
longest,2
repeat,2
currency,2
admissible,2
514/2014,2
administrations,2
irregularly,2
adjustments,2
51(1,2
renewal,2
adjusting,2
3(1,2
dated,2
lump,2
irregularities,2
2988/95,2
de,2
stake,2
deal,2
addressees,2
standard,2
advertisement,2
pertaining,2
sole,2
represent,2
alleged,2
solidarity,2
particulars,2
alighting,2
alia,2
loans,2
sound,2
source,2
corruption,2
representativeness,2
125,2
representation,2
local,2
advise,2
agricultural,2
course,2
court,2
courts,2
covenants,2
repositories,2
item,2
agents,2
specifically,2
affects,2
aerial,2
advisory,2
pass,2
considers,2
considering,2
2018/1111,2
coherence,2
brand,2
branches,2
branch,2
born,2
combating,2
combine,2
boarding,2
come,2
comes,2
payable,2
reviewed,2
bilateral,2
seconded,2
performing,2
bicycle,2
returning,2
seines,2
seismic,2
benefits,2
select,2
benchmark,2
communicating,2
believe,2
selective,2
retrospective,2
secret,2
broken,2
assign,2
routing,2
rural,2
running,2
changed,2
lawful,2
satisfactory,2
checking,2
cause,2
cash,2
lead,2
peace,2
choice,2
choose,2
circulate,2
closely,2
save,2
2015/686,2
rootstock,2
calculating,2
2015/687,2
room,2
seal,2
payload,2
burden,2
building,2
brought,2
seated,2
behaviour,2
retroactively,2
comparable,2
responses,2
2014/97,2
automatic,2
restrict,2
settlement,2
seventh,2
severance,2
120,2
authenticity,2
severe,2
sexual,2
attributed,2
conferring,2
shared,2
kinds,2
respond,2
sharing,2
confirmed,2
she,2
attached,2
connected,2
justify,2
connection,2
connections,2
consecutive,2
ship,2
shortcomings,2
setting,2
sets,2
concession,2
11(2,2
compelling,2
compensated,2
compensatory,2
begin,2
competitive,2
become,2
resume,2
34.2.0,2
complement,2
complementary,2
bearing,2
"12,5",2
senior,2
baseline,2
34.1.2,2
complied,2
separate,2
base,2
components,2
patient,2
composition,2
compulsory,2
background,2
11(3,2
34.1.1,2
machine,2
3(3,2
actors,2
Rafah,2
suggested,2
RESTREINT,2
RESTRICTED,2
difficulty,2
These,2
5b,2
Termination,2
25(2,2
Technology,2
sums,2
dynamic,2
Unit,2
Table,2
director,2
"25,0",2
Railway,2
disability,2
13(1,2
Railways,2
refusing,2
TAC,2
disbursement,2
sufficiently,2
Tissue,2
did,2
To,2
reimbursed,2
subsistence,2
Resolutions,2
detected,2
substance,2
regulatory,2
intention,2
2009/138,2
2012/347,2
detriment,2
subsystem,2
telephone,2
16(2,2
regularity,2
successful,2
registry,2
Transport,2
Trade,2
diagnostic,2
diameter,2
diamonds,2
discharge,2
recommender,2
Recipients,2
Significant,2
intermodal,2
Should,2
downgraded,2
Ships,2
suspicion,2
sustainability,2
Sequence,2
distribution,2
redress,2
sustainable,2
recovered,2
recurrence,2
Represented,2
Scope,2
matching,2
SIGNIFICANT,2
Requests,2
tacitly,2
domain,2
Russian,2
Rules,2
Signatories,2
disputes,2
Syrian,2
Spain,2
disclosed,2
reconciliations,2
disclosure,2
technically,2
marketed,2
channels,2
dual,2
discussion,2
discussions,2
diseases,2
driving,2
markets,2
dismissal,2
supported,2
dispatch,2
displacement,2
Standards,2
drive,2
survivor,2
Specific,2
targeted,2
59,2
detained,2
Unless,2
definitive,2
Prior,2
accepting,2
degree,2
measured,2
accepted,2
24(2,2
2710,2
rely,2
Procurement,2
Product,2
Programme,2
Prohibitions,2
absent,2
investigator,2
abroad,2
deliberations,2
terminate,2
parental,2
deliver,2
56,2
delivers,2
accepts,2
definition,2
Protocol,2
investigators,2
stateless,2
declarant,2
emblem,2
2016/1238,2
acquirers,2
106,2
1(c,2
declassified,2
accurate,2
dedicated,2
accredited,2
remittance,2
phone,2
photovoltaic,2
stemming,2
mechanism,2
President,2
Press,2
2013/649,2
overtime,2
define,2
strategic,2
Rhine,2
investigative,2
templates,2
inventory,2
derivative,2
intends,2
invalidity,2
eco,2
V.,2
demersal,2
575/2013,2
desire,2
template,2
describing,2
102/3,2
designations,2
Western,2
WHO,2
submits,2
economy,2
deployment,2
With,2
[,2
a)(1,2
demonstrated,2
partially,2
],2
reinsurance,2
effects,2
demonstrations,2
temporarily,2
introduced,2
reception,2
makes,2
XXV,2
X,2
subareas,2
designation,2
preferential,1
precision,1
pedestrian,1
officers,1
overriding,1
plenary,1
overview,1
police,1
pensions,1
outsourcing,1
package,1
17025:2005,1
p,1
1999/94,1
overcome,1
offering,1
159,1
percentage,1
pollen,1
pays,1
platessa,1
16(1,1
outward,1
19(3)(a,1
16l,1
particulate,1
17442,1
particularly,1
185th,1
organism,1
189,1
partial,1
176,1
picked,1
pigs,1
168,1
pillar,1
originates,1
pilots,1
perpetrated,1
portability,1
portfolio,1
organised,1
167,1
physically,1
ordinary,1
positions,1
pharmaceutical,1
organic,1
182,1
phenotype,1
oral,1
posed,1
pleaded,1
1829/2003,1
phytoplasmas,1
optional,1
optimise,1
opposition,1
18(3,1
onwards,1
pollutant,1
onward,1
1999,1
placing,1
omitted,1
plaice,1
pooling,1
omission,1
160,1
olives,1
packets,1
periodically,1
outputs,1
olive,1
old,1
packet,1
16(3,1
patents,1
precious,1
157,1
18(1)(b,1
parcel,1
orphan,1
paramilitary,1
permit,1
1606/2002,1
practitioner,1
178/2002,1
permanently,1
onus,1
paper,1
"161,20",1
populations,1
171,1
past,1
peer,1
7k,1
preferred,1
tested,1
television,1
1.4,1
ten,1
tenderer,1
terminated,1
1.2.3.1,1
tests,1
therapy,1
tetraoxa-6,1
1.2,1
th,1
1)(c,1
1(f,1
1(a,1
telematics,1
techniques,1
teams,1
taxable,1
10(3,1
tantamount,1
10(4,1
"10,3",1
tailored,1
1001,1
synthetic,1
symptom,1
symmetric,1
sustitución,1
suspicions,1
suspect,1
surviving,1
1(4,1
thereon,1
transiting,1
004,1
tolerance,1
tolerated,1
tonne,1
topics,1
0105,1
track,1
trademark,1
therewith,1
traditional,1
trail,1
trails,1
trainees,1
trajectory,1
tranship,1
016,1
title,1
timetable,1
timeliness,1
017,1
ties,1
tied,1
021,1
"031,17",1
"040,69",1
threats,1
threaten,1
thorough,1
050,1
051,1
thin,1
067,1
surrounding,1
supplying,1
supplies,1
106(16,1
sponsoring,1
spreads,1
stability,1
stabilization,1
stable,1
stacked,1
staffed,1
supplementing,1
standardisation,1
standardised,1
standstill,1
stannane,1
statistical,1
steps,1
106(2,1
spirited,1
specifying,1
107(1,1
1071/2013,1
speciality,1
specialised,1
spare,1
sought,1
some,1
solution,1
software,1
smuggling,1
slight,1
skills,1
sized,1
sixth,1
sticks,1
105(3)(e,1
storing,1
substantially,1
supplementary,1
supplement,1
101,1
superiors,1
summaries,1
suitably,1
suitable,1
suitability,1
suggestions,1
102,1
successive,1
succeed,1
subtype,1
substantiating,1
subsidies,1
strategies,1
subsidiary,1
subparagraphs,1
1025/2012,1
submissions,1
1030/2014,1
105(3)(d,1
subarea,1
study,1
structures,1
stricter,1
strengthening,1
strengthen,1
straw,1
stratification,1
transhipped,1
"0,86",1
pregnant,1
"0,1",1
visually,1
vital,1
void,1
waiver,1
warehousing,1
warm,1
warrant,1
weight,1
warranted,1
"0,096",1
waste,1
waxes,1
"0,092",1
weapons,1
visit,1
visible,1
visa,1
violent,1
violations,1
violate,1
"vinyl-2,5,7,10",1
vintage,1
vineyards,1
vine,1
viii,1
vii,1
victim,1
vetted,1
"0,1106",1
"0,116",1
version,1
"0,05",1
weights,1
transportation,1
xiii,1
worst,1
wrap,1
wronged,1
x,1
xi,1
xii,1
                                     ,1
"0,04",1
yellow,1
zero,1
zoonoses,1
zoonotic,1
Çolakoğlu,1
à,1
workers,1
wording,1
word,1
women,1
withheld,1
withdrawing,1
wish,1
):,1
willingness,1
whistle,1
whilst,1
while,1
"0,0136",1
whereas,1
"0,01672",1
"0,032",1
wellness,1
veracity,1
vendors,1
"0,12",1
unavoidable,1
twice,1
twines,1
"0,5",1
unable,1
unaccompanied,1
unattended,1
uncertainties,1
"0,124",1
unchanged,1
unclear,1
"0,423936",1
undergo,1
undergoing,1
undergone,1
"0,5714",1
twelve,1
turns,1
turnover,1
turbot,1
trust,1
trunk,1
true,1
tris(2,1
triggering,1
tribunals,1
"0,780307",1
trends,1
treatments,1
trawlers,1
travelling,1
transpose,1
understandable,1
understanding,1
understood,1
"0,162354",1
vegetative,1
various,1
variety(-ies,1
"0,13824",1
varietal,1
variables,1
valuing,1
valued,1
"0,140959",1
valuation,1
valorem,1
validated,1
usual,1
"0,144",1
"0,248",1
undertake,1
usable,1
urgent,1
"0,3",1
updating,1
"0,3041",1
unusual,1
unresolvable,1
unreasonable,1
unloading,1
unloaded,1
university,1
unions,1
unemployed,1
unduly,1
108,1
situated,1
sister,1
reallocation,1
ray,1
rays,1
reach,1
reaches,1
reaching,1
realise,1
1306/2013,1
"13,824",1
rebound,1
recall,1
1305/2013,1
1303/2013,1
recent,1
rechargers,1
raw,1
ratify,1
ratified,1
ratification,1
rather,1
raised,1
radiopharmaceuticals,1
quote,1
quotas,1
questionnaire,1
quantify,1
quantifiable,1
133,1
qualification,1
q,1
puts,1
pursue,1
recharging,1
reciprocal,1
sincerely,1
registers,1
refuelling,1
refusals,1
13(1a)(b,1
regarded,1
12a,1
1296/2013,1
registrations,1
reclassifying,1
reinvested,1
reinvestment,1
rejecting,1
rejection,1
1291/2013,1
1290/2013,1
refrain,1
reflective,1
13(2,1
referral,1
13(3)(b,1
reductions,1
redacted,1
recyclability,1
recurrent,1
rectify,1
recruitment,1
recruiting,1
recover,1
reconciliation,1
recommended,1
recommend,1
13(4,1
1338/2008,1
134,1
1343/2011,1
15(5,1
problems,1
153,1
152,1
proceeding,1
151,1
150,1
15(3,1
publishes,1
producing,1
15(2,1
15(1,1
149,1
profession,1
professionals,1
probability,1
proactive,1
privileged,1
privacy,1
prioritised,1
prioritise,1
priorities,1
1560/2003,1
print,1
primarily,1
prices,1
presumption,1
pressures,1
presences,1
preparing,1
premiums,1
15649,1
proficiency,1
profile,1
profit,1
propose,1
135,1
137,1
psychosocial,1
psychological,1
13c,1
proving,1
provides,1
13d,1
13th,1
14(1,1
14(1)(a,1
proves,1
prove,1
proprietary,1
proportionality,1
programmatic,1
proportional,1
properties,1
propagation,1
propagated,1
proofs,1
promotes,1
prominent,1
prolongation,1
prolong,1
projections,1
145,1
145(3,1
prohibit,1
148,1
129(2,1
relations,1
relationship,1
116,1
117,1
s,1
safely,1
116(4,1
said,1
salaries,1
sanctions,1
rewarding,1
satisfactorily,1
satisfy,1
satisfying,1
scheduled,1
schools,1
script,1
rows,1
rounded,1
rosé,1
rootstocks,1
root,1
roosters,1
roll,1
role,1
robustness,1
roadworthiness,1
roadmap,1
road,1
118,1
risking,1
118(1,1
rise,1
119,1
scrutiny,1
seals,1
1151/2012,1
sharks,1
simulations,1
silaundecane,1
108(4,1
signatory,1
shown,1
showing,1
showed,1
show,1
should,1
shorter,1
short,1
shipments,1
shiftwork,1
shell,1
10b,1
115(3,1
settled,1
111,1
separated,1
sends,1
sending,1
semi,1
selecting,1
seeking,1
1144/2014,1
securely,1
secretary,1
secretarial,1
secrecy,1
secondment,1
re‐evaluated,1
revoked,1
relationships,1
repeatable,1
remplacement,1
remunerated,1
remunerations,1
render,1
reopening,1
repair,1
replace,1
revocations,1
128,1
replacements,1
replanted,1
replanting,1
replantings,1
replying,1
remove,1
removals,1
remote,1
remission,1
reminded,1
remind,1
remedied,1
remedial,1
remarriage,1
remaining,1
remained,1
relocate,1
religious,1
relieve,1
reliability,1
129,1
relatives,1
127,1
1268/2012,1
125e,1
1214,1
revising,1
12(2,1
revenue,1
reuse,1
reunification,1
retro,1
retains,1
restructuring,1
restricting,1
offence,1
120(2)(a,1
responding,1
1213,1
respected,1
resolved,1
repository,1
resolve,1
resistance,1
residual,1
resides,1
residents,1
reside,1
reserved,1
requisite,1
1234/2007,1
1234/2008,1
124,1
reprint,1
represents,1
representations,1
restore,1
flexible,1
off,1
UNECE,1
URL,1
USB,1
Under,1
Unemployment,1
Uniform,1
58(1,1
Urban,1
Use,1
Using,1
VECTO,1
Varieties,1
Vehicle,1
Verification,1
Very,1
Viet,1
Vocabulary,1
WLTP,1
While,1
Wine,1
UNSCR,1
Type,1
World,1
Tunisia,1
TO,1
TRACES,1
TRANSPORT,1
Tariff,1
Technical,1
Tel,1
Territory,1
5c,1
There,1
5a,1
597,1
Throughout,1
Time,1
Tissues,1
Tobago,1
Total,1
Transitional,1
Treadmills,1
Trinidad,1
Works,1
XI,1
TITLE,1
549,1
accountable,1
accounted,1
accuracy,1
achieve,1
acid,1
acoustic,1
acquired,1
across,1
54(3,1
acted,1
53,1
actively,1
524/2013,1
acyloxy,1
adapt,1
adaptation,1
521,1
520,1
52(6,1
540/2011,1
accompany,1
XXI,1
accidents,1
XXIII,1
XXIX,1
Y0,1
Y100,1
Yugoslav,1
ZP,1
570,1
a)(i,1
a)(ii,1
abattoirs,1
abduction,1
abolished,1
abstaining,1
abuses,1
accede,1
accelerate,1
accept,1
55,1
accident,1
TM,1
TICKETS,1
adjacent,1
Provisions,1
QUALITY,1
Questionnaires,1
R,1
R.E.3,1
R.E.5,1
REPORTING,1
RESPONSIBILITIES,1
REV,1
Radiopharmaceuticals,1
Raw,1
Real,1
Reasons,1
Recommitments,1
Recovery,1
Recruitment,1
Red,1
Reduction,1
Registers,1
Registry,1
Public,1
Provisional,1
Removable,1
Provence,1
Pleuronectes,1
Police,1
Political,1
Pollution,1
Pre,1
Prediction,1
Presumption,1
Prevention,1
Pre‐checked,1
Principal,1
Privileges,1
Procedure,1
Procedures,1
Processing,1
Producer,1
Producers,1
Programming,1
Progress,1
Proprietary,1
Regular,1
Remplacée,1
THE,1
Social,1
South,1
Spanish,1
Species,1
Specified,1
Sri,1
6)(a,1
6(4,1
Stationary,1
Statutes,1
Steel,1
Steering,1
Stock,1
Strategic,1
Submission,1
Subsections,1
Sufficient,1
Supervisor,1
Sustituida,1
Swiss‐German,1
Socialist,1
Sexual,1
Replaced,1
6-(2,1
Replacement,1
Report,1
Representations,1
Requirements,1
Retention,1
Revision,1
Revocation,1
SC,1
6.3,1
SECURITY,1
SERVICE,1
SSC,1
Sahel,1
Scandian,1
6.1,1
Secretariat,1
Sections,1
Secured,1
Serbia,1
52(3,1
adjust,1
centimetre,1
bank,1
basal,1
404/2011,1
400,1
40(2,1
batch,1
battery,1
bearer,1
bears,1
4.1,1
4(b,1
begun,1
4(4,1
beings,1
believes,1
believing,1
benchmarks,1
4(1)(c,1
benefitting,1
4(1)(a,1
barrel,1
bag,1
bills,1
406,1
attended,1
attending,1
attestation,1
attesting,1
attribute,1
auction,1
audited,1
auditing,1
436,1
authorise,1
42and,1
authorises,1
415,1
automotive,1
autonomy,1
41(3,1
avoiding,1
await,1
awarded,1
biannually,1
binding,1
attaining,1
bus,1
buy,1
38(5,1
calculate,1
calculations,1
campaigns,1
38(2,1
cancellations,1
cancelled,1
cap,1
capillary,1
car,1
cards,1
cargo,1
carriage,1
370,1
37(6,1
causes,1
ceased,1
ceilings,1
39(2,1
burdens,1
biodiversity,1
bubble,1
biosecurity,1
birth,1
bis(coco,1
block,1
blowers,1
396/2005,1
390/2013,1
bona,1
borne,1
brake,1
brands,1
break,1
breakdown,1
breaks,1
breastfeeding,1
brief,1
briefcase,1
broker,1
brother,1
attainment,1
attach,1
administration,1
aggregates,1
aiming,1
airspace,1
alerting,1
algorithmic,1
algorithms,1
alight,1
aligning,1
aligns,1
506,1
allegations,1
allocate,1
allowable,1
allowed,1
along,1
alteration,1
although,1
amending,1
ammunition,1
5(c,1
507/2006,1
aggregated,1
analogy,1
agendas,1
administrators,1
admission,1
admissions,1
admitted,1
513/2014,1
51(2,1
adopts,1
adsorption,1
advancement,1
adventitious,1
advertisements,1
advised,1
aerodrome,1
affiliated,1
afforded,1
aforementioned,1
afresh,1
51,1
again,1
amounting,1
analytical,1
438,1
archives,1
arises,1
arranging,1
arrive,1
arrives,1
arriving,1
articles,1
ascending,1
ascertained,1
assemble,1
assent,1
assertions,1
44(1,1
asset,1
assignment,1
assimilating,1
44,1
assistant,1
assisting,1
assurance,1
452/2008,1
approves,1
ancillary,1
454/2011,1
animal,1
animals,1
5(1,1
4a,1
antimicrobial,1
anywhere,1
apparent,1
appeals,1
appearing,1
appendices,1
appliances,1
485,1
47,1
465,1
46(2,1
appointments,1
approach,1
46,1
appropriations,1
Plan,1
Pillar,1
Persons,1
CCNR,1
CEDs,1
CESNI,1
CISs,1
726/2004,1
720,1
COMPLAINTS,1
71,1
CONFORMITY,1
CONSOLIDATED,1
CONTRACT,1
COPPS,1
COVID,1
CREDIT,1
CTBTO,1
CTPs,1
CWS,1
Canary,1
Cases,1
Catalogue,1
CDs,1
C565,1
Catches,1
C564,1
BMZ-,1
BRANCHES,1
"743,18",1
Bamako,1
Barcelona,1
Basic,1
74(1,1
Belarusian,1
74,1
Benchmark,1
Benefits,1
73(3,1
Bosnia,1
Both,1
Box,1
73,1
C197,1
C562,1
C563,1
Catch,1
Cell,1
BE,1
7(2)(c)(iii,1
Critical,1
Croatia,1
7(1,1
Crossing,1
Crown,1
Customs,1
Cyprus,1
Côte,1
D,1
DECLASSIFIED,1
DOI,1
DUPL,1
6c,1
6:2010+A1:2014,1
Decisions,1
Declaration,1
Definitive,1
69(2)(a,1
Delegation,1
Country,1
Controller(s,1
Centre,1
Contracting,1
Certification,1
Changes,1
703,1
Chapters,1
China,1
Civilian,1
Coast,1
Commander,1
70,1
Compensation,1
Competent,1
Completion,1
Compliance,1
Comunicación,1
Conservation,1
Consolidated,1
Consultation,1
Consumer,1
Contact,1
BMW,1
BAM,1
People,1
910/2014,1
92/43,1
920,1
"924,16",1
93(1,1
930,1
931,1
"937,64",1
94,1
957,1
95a(1,1
978/2012,1
97k(5,1
97m(5,1
97p,1
99/2013,1
9a,1
79,1
77d,1
77c,1
92(3,1
907/2014,1
A.Ş.,1
901,1
8(1)(a,1
8(2,1
8(5,1
8),1
808/2004,1
82(3,1
83,1
84,1
85,1
86/635,1
87,1
88,1
88(2,1
882/2004,1
89(4,1
89/656,1
89/686,1
7b,1
9(2,1
A.658(16,1
ACS,1
B-4,1
Albania,1
Alpes,1
Amendment,1
76,1
759,1
756,1
Apart,1
Area,1
75/3,1
Assessment,1
Association,1
Atlantic,1
Atlanto,1
Atmospheric,1
Attestation,1
August,1
Authorities,1
Aviv,1
Azores,1
B-2,1
Alloy,1
Agricultural,1
ACS-,1
768/2005,1
AD,1
AMAT,1
AMR,1
APAs,1
ARMs,1
AS,1
ATMP,1
ATT,1
AUXILIARY,1
Access,1
Accounting,1
Accreditation,1
Act,1
Action,1
Actions,1
Additional,1
Adequate,1
Advertising,1
African,1
Demersal,1
Dependencies,1
Deputy,1
L3e,1
L5e,1
L7e,1
61(2,1
LSO,1
Lanka,1
Less,1
Level,1
Life,1
Light,1
List,1
Low,1
M.R.1,1
M.R.2,1
M0,1
M10,1
MANUFACTURING,1
MEPC,1
MIPs,1
Macedonia,1
L4e,1
Kosovo,1
Mali,1
King,1
64(2)(h,1
Import,1
Imports,1
Inspections,1
Insurance,1
Interinstitutional,1
Invalidity,1
Investments,1
Invoices,1
Ireland,1
"631,05",1
Italy,1
Jerusalem,1
62(3,1
62,1
Justice,1
K0,1
K100,1
Kenya,1
Madeira,1
Malta,1
Derogation,1
North,1
Notifications,1
ORGANISATION,1
Ocean,1
Officials,1
Open,1
Operation,1
Otherwise,1
PART,1
603,1
PSPP,1
Packages,1
Palestinian,1
Parental,1
600,1
60(7,1
Participation,1
Party,1
Passenger,1
Pending,1
Nos,1
Non,1
Marine,1
"604,35",1
Masters,1
Medicines,1
"605,55",1
Metallurgical,1
Metalurji,1
Middle,1
Minusca,1
Minutes,1
Modelling,1
Montenegro,1
Moreover,1
Multiannual,1
Mutual,1
NCAs,1
NOT,1
NSAs,1
Nam,1
Navigation,1
New,1
642/2010,1
"644,66",1
IUU,1
EPPO,1
ESG,1
ESIF,1
68(4,1
EUCAP,1
EUPOL,1
67(3,1
EUSRs,1
Emissions,1
Ensemble,1
Entities,1
Entitlement,1
67(1,1
Environment,1
Establishment,1
Eurocontrol,1
Europe,1
Europol,1
Eurosystem,1
Except,1
ERC,1
EFTA,1
649,1
ECDC,1
Designation,1
Details,1
Determination,1
Development,1
69(1)(a,1
Directed,1
687,1
Directives,1
Directorates,1
Directors,1
Disarmament,1
Discharge,1
Documents,1
Domain,1
Donation,1
Driving,1
DubliNet,1
Duty,1
EASO,1
Exceptions,1
Excess,1
Existing,1
Expenditure,1
H.,1
Haomei,1
Harmonisation,1
Headquarters,1
Herzegovina,1
Holding,1
Humanitarian,1
IA,1
IEC,1
IFRS,1
IHR,1
65a,1
II-1,1
IMPORT,1
IMS,1
IMSOC,1
INFORMATION,1
INSTITUTIONS,1
INVESTIGATIONAL,1
H,1
Guard,1
Grade,1
Format,1
Faeroe,1
Failure,1
Family,1
Fees,1
Floating,1
Food,1
66a,1
Foreign,1
Fruiting,1
Global,1
Fuels,1
Function,1
Funding,1
GENERAL,1
GTR,1
GTRs,1
Gases,1
German,1
cent,1
centre,1
1l,1
importation,1
imports,1
imposition,1
impossible,1
improving,1
inaccurate,1
incapacitated,1
inclusion,1
increased,1
increases,1
increasing,1
incubation,1
independently,1
indexing,1
indicates,1
indications,1
indicative,1
indicator,1
indissociable,1
2017/825,1
importer,1
importance,1
infested,1
implicit,1
2019/2201,1
2019/2088,1
honour,1
hospitals,1
host,1
hour,1
house,1
household,1
humans,1
hydro,1
identifiable,1
2018/858,1
idle,1
2018/2001,1
illegality,1
illicit,1
impairs,1
impartial,1
impede,1
inducements,1
inflation,1
hierarchical,1
integer,1
intend,1
intentionally,1
interconnected,1
interested,1
2016/715,1
interface,1
interfere,1
intermediate,1
2016/1977,1
internationally,1
interpolation,1
interpretation,1
interpreters,1
intervals,1
2016/1675,1
introduce,1
introduction,1
introductory,1
invalid,1
integrated,1
instrumental,1
inflow,1
instrument,1
2017/590,1
2017/2400,1
2017/2397,1
infrasound,1
infrastructural,1
inherent,1
2017/1946,1
initiates,1
injured,1
inquiry,1
insect,1
insert,1
insofar,1
inspected,1
inspectors,1
installation,1
instalments,1
institutional,1
instruction,1
himself,1
herring,1
inventor,1
forthwith,1
fossil,1
fowls,1
fraction,1
frameworks,1
fraudulent,1
freedoms,1
freeze,1
frequently,1
front,1
2022/2119,1
fulfilment,1
fundamentally,1
2022/2105,1
gain,1
gainful,1
gangui,1
gaseous,1
gather,1
gathered,1
forums,1
formulating,1
2022/126,1
formula,1
fine,1
firms,1
fish,1
fit,1
fitting,1
fixing,1
flagged,1
flanked,1
flashpoint,1
flaws,1
flexibly,1
flip,1
2029,1
forced,1
forfeit,1
formal,1
formalities,1
formally,1
forming,1
gear,1
generates,1
hereinafter,1
guinea,1
habitats,1
hand,1
handwritten,1
harmonisation,1
harvest,1
2020/687,1
2020/595,1
2020/2015,1
hay,1
2020/1816,1
headline,1
headquarters,1
2019/797,1
healthcare,1
hectares,1
hectolitres,1
hemp,1
hens,1
2019/790,1
h)(iii,1
guests,1
genetically,1
guarantees,1
global,1
go,1
2021/9,1
governed,1
governmental,1
governments,1
grades,1
gradually,1
grafting,1
2021/523,1
2021/1139,1
ground(s,1
2021/1119,1
grow,1
grown,1
grows,1
grub,1
grubbing,1
guaranteed,1
inventions,1
inventors,1
certainty,1
moderation,1
modified,1
modifies,1
modular,1
moment,1
monetisation,1
money,1
monk,1
monofilament,1
2004/109,1
morbidity,1
2003/99,1
moreover,1
mortality,1
movement,1
multilevel,1
multiple,1
multiplied,1
2002/87,1
mutual,1
modifications,1
mobilisation,1
2002/53,1
mitigating,1
2008/99,1
measurement,1
measurements,1
2005/29,1
2004/39,1
memorandum,1
memory,1
mention,1
merits,1
messages,1
metals,1
methodologies,1
methoxyethoxy)-6,1
methoxyethoxy)vinylsilane,1
metres,1
misappropriated,1
misrepresented,1
missed,1
misses,1
n,1
narrative,1
2009/33,1
2(c,1
nuclear,1
2(4)(b,1
numbering,1
o,1
objections,1
objectively,1
2(4,1
2(1,1
obligatory,1
obliged,1
observing,1
obstacle,1
obstructing,1
obvious,1
occasion,1
occupational,1
occupied,1
occur,1
occurs,1
2(a,1
2(d,1
2001/83,1
notes,1
nationality,1
nationals,1
2001/20,1
nd,1
necessity,1
negotiate,1
negotiated,1
nets,1
neutral,1
neutrality,1
nevertheless,1
20(2,1
noise,1
nomenclature,1
none,1
normally,1
notably,1
note,1
noted,1
meaningful,1
maturing,1
investigate,1
justifications,1
key,1
kg,1
killed,1
kind,1
knew,1
know,1
knowingly,1
known,1
l,1
labelled,1
labelling,1
labels,1
lack,1
lading,1
2015/760,1
larger,1
late,1
2015/444,1
layperson,1
juveniles,1
just,1
leaflet,1
judgment,1
investigatory,1
2016/1240,1
investors,1
invite,1
invited,1
invoked,1
involve,1
involvement,1
inward,1
irregular,1
irrevocable,1
isolated,1
isotopic,1
2016/1150,1
2016/1149,1
ix,1
j,1
jeopardise,1
job,1
leaders,1
2015/1835,1
matrix,1
machines,1
majority,1
2013/426,1
2013/36,1
mandates,1
mandatory,1
manipulates,1
manual,1
2011/861,1
manufactures,1
marginal,1
marine,1
mark,1
2011/292,1
markings,1
marlin,1
masters,1
materially,1
materiel,1
maternity,1
maintaining,1
machinery,1
2015/1601,1
logbook,1
legality,1
2015/1523,1
liabilities,1
lie,1
limb,1
limitation,1
limitations,1
limiting,1
linear,1
linguistic,1
linked,1
links,1
liqueur,1
liquid,1
2014/512,1
lived,1
loads,1
locally,1
locate,1
filename,1
figure,1
fide,1
corporate,1
correctly,1
corresponds,1
count,1
counted,1
counterparts,1
300,1
3.2.3.1,1
couriers,1
3)(e,1
craft,1
created,1
creates,1
creating,1
creation,1
3(b,1
crime,1
3(7,1
criterion,1
critical,1
corrected,1
core,1
cuckoo,1
copied,1
contemplated,1
32(6,1
contest,1
contingency,1
continually,1
continued,1
continues,1
continuing,1
32(1)(b,1
contracted,1
32(1,1
contractors,1
32,1
310,1
convened,1
conversion,1
convert,1
conveyed,1
coordinators,1
crossed,1
culling,1
contacts,1
deems,1
deepening,1
deferred,1
deficiencies,1
28(1,1
defining,1
delayed,1
delegates,1
delete,1
delta,1
democracy,1
demonstrates,1
denatured,1
denominated,1
depart,1
departing,1
depending,1
deployable,1
deposit,1
depths,1
deep,1
282/2014,1
cultural,1
deeds,1
currencies,1
custody,1
custom,1
cycles,1
3(2,1
3(1)(h)(i,1
databank,1
2:2009+A2:2013,1
deadlines,1
dealing,1
deceives,1
deceptive,1
decides,1
29(2,1
286,1
declaring,1
declassify,1
decrease,1
deductions,1
containers,1
contacting,1
fewer,1
cleared,1
climatic,1
36(1,1
closures,1
cm,1
coach,1
coast,1
coasting,1
36,1
coherently,1
collect,1
collecting,1
colonies,1
colony,1
colour,1
comatose,1
combination,1
combinations,1
355,1
combustion,1
clerical,1
classifying,1
commence,1
36/2012,1
certifies,1
certifying,1
cetacean,1
cetaceans,1
chair,1
chairman,1
chairperson,1
challenges,1
channel,1
chapters,1
character,1
charitable,1
chart,1
chartered,1
36th,1
chromatography,1
circumvent,1
civilians,1
claimed,1
coming,1
commensurate,1
"32,1",1
concrete,1
33(2,1
33(1,1
conducts,1
confers,1
confidence,1
confidentially,1
configuration,1
confirming,1
confirms,1
connecting,1
consecutively,1
consensus,1
326,1
consequence(s,1
consortium,1
constant,1
constitutes,1
consultations,1
consulted,1
concurrent,1
concluding,1
comment,1
concerns,1
commission,1
commitment,1
commitment(s,1
commits,1
35(1,1
communities,1
comparability,1
comparative,1
comparison,1
compensating,1
competitors,1
compilation,1
compiled,1
completely,1
completing,1
complex,1
comprises,1
compromising,1
concepts,1
derivatives,1
derivs,1
271,1
enterprise,1
229,1
entitle,1
223/2009,1
"22,1",1
entrusted,1
22(8,1
envelopes,1
envisages,1
equitable,1
equivalents,1
erase,1
error,1
especially,1
22(5,1
establishments,1
esters,1
estimate,1
ethnic-,1
ethyl,1
entirety,1
entering,1
evaluations,1
entails,1
enabled,1
enables,1
encircling,1
encounter,1
encourage,1
encrypted,1
encryption,1
2347/2002,1
endeavour,1
engagement,1
engaging,1
23(6,1
enough,1
enshrined,1
23(1,1
ensured,1
ensures,1
entail,1
entailed,1
evaluating,1
evaporation,1
derogations,1
explain,1
2127,1
"212,86",1
exposed,1
exposures,1
extend,1
extending,1
extra,1
extracts,1
2100/94,1
factual,1
failed,1
failing,1
fairs,1
false,1
farmer,1
farming,1
fatty,1
favourable,1
ferry,1
explanation,1
experimental,1
examined,1
experienced,1
example,1
219,1
exceeded,1
exceptionally,1
excessive,1
exchanges,1
exchanging,1
exclusive,1
exempt,1
exemptions,1
exercised,1
exercising,1
exhaustive,1
existed,1
existence,1
exit,1
expeditiously,1
2185/96,1
expense,1
employed,1
emphasis,1
emergence,1
diagnosis,1
differentiate,1
differentiation,1
dilaurate,1
dimensions,1
dioctyl-,1
dioctyltin,1
disable,1
disabled,1
disablement,1
disagreement,1
disagreements,1
disagrees,1
discloses,1
discriminatory,1
discussed,1
diseasesand,1
dismantlability,1
dismissed,1
dismisses,1
dichlorodioctylstannane,1
devote,1
embargo,1
device,1
descending,1
describe,1
descriptions,1
designating,1
designed,1
designing,1
desired,1
desk,1
desktop,1
detached,1
detailing,1
269/2014,1
deteriorates,1
266,1
determines,1
detrimental,1
developing,1
260/68,1
deviations,1
dispose,1
dissemination,1
dissolution,1
dissuasive,1
duplicated,1
duplicates,1
durability,1
258,1
25(d,1
d’Azur,1
e)(i,1
e)(ii,1
24th,1
easy,1
248,1
247,1
effected,1
243,1
efficient,1
24(3,1
elapsed,1
electronically,1
eliminate,1
duplicate,1
259/68,1
25th,1
26(8,1
distillation,1
distortion,1
distorts,1
distributor,1
distributors,1
diverse,1
diversion,1
divisions,1
documentary,1
ducks,1
26(5,1
dog,1
dogfish,1
domestic,1
doors,1
downgrade,1
draws,1
drug,1
e.g.,1
